Фильм;Ветви каталога
Копы в юбках;comedy,boeviki,detective,crime
Kingsman: Золотое кольцо;comedy,adventures,boeviki,comics
Бабушка легкого поведения 2;comedy,rossijskie
Подальше от тебя;comedy,drama,melodramy,foreign
Шазам!;comedy,adventures,dlya_vsej_semi,boeviki,fentezi,comics
Мое прекрасное лето с Софи;comedy,drama
Элвин и бурундуки: Грандиозное бурундуключение;comedy,adventures,dlya_vsej_semi,detskiy
Дэдпул 2;comedy,fantastika,adventures,boeviki,foreign,comics
Домовой;comedy,dlya_vsej_semi,fentezi,detskiy,rossijskie
Дэдпул;comedy,fantastika,adventures,boeviki,foreign,comics
Люди в черном: Интернэшнл;comedy,fantastika,adventures,boeviki,foreign
Девушки бывают разные;comedy,rossijskie
Я иду искать;comedy,thriller
1+1;comedy,biography
Невероятный мир глазами Энцо;comedy,drama,melodramy,dlya_vsej_semi
Почему он?;comedy,foreign
Другая женщина;comedy,melodramy,foreign
Шпион;comedy,boeviki,foreign,crime
Kingsman: Секретная служба;comedy,adventures,boeviki,foreign,comics,crime
Достать ножи;comedy,drama,detective,foreign
Молодость;comedy,drama,melodramy,music
Отель «Гранд Будапешт»;comedy,adventures,detective,foreign,crime
Значит, война;comedy,melodramy,boeviki
Отпетые мошенницы;comedy,foreign,crime
Гарфилд;comedy,dlya_vsej_semi,fentezi,foreign
Один дома;comedy,dlya_vsej_semi,foreign
Борьба с моей семьей;comedy,drama,foreign,sport,biography
Завтрак у папы;comedy,rossijskie
Дьявол носит Prada;comedy,drama,foreign
Гарфилд 2: История двух кошечек;comedy,dlya_vsej_semi,fentezi
Остров смерти;horror
Дверь в лесу;horror,thriller
Оно 2;horror,drama,thriller,foreign
Гори, гори ясно;horror
Чужой: Завет;horror
Проклятие Аннабель 3;horror
Дом забытых вещей;horror,misticheskie
Что скрывает ложь;horror
Дитя крови;horror
Мы;horror
Мег: Монстр глубины;horror,fantastika
Пароль: Хаус;horror
Отмель;horror
Страшные истории для рассказа в темноте;horror
Пила 8;horror,detective
Они;horror
Вирус;horror,fantastika,disaster
Поезд в Пусан;horror,thriller,boeviki
Чужой;horror
28 дней спустя;horror
Явление;horror,disaster
Хищник;horror
Смотритель;horror,detective
Пираньяконда;horror
Президент Линкольн: Охотник на вампиров;horror,fentezi,western
Эпидемия;horror
Молчание ягнят;horror
Пункт назначения: Смайл;horror,detective
Пираньи 3DD;horror
Жилище;horror,thriller
Мстители: Финал;fantastika,adventures,boeviki,comics
Апгрейд;fantastika,thriller,boeviki,detective,foreign,crime
Человек-Паук: Вдали от дома;fantastika,adventures,boeviki,foreign,comics
Бегущий в лабиринте;fantastika,thriller,adventures
Марсианин;fantastika,adventures
Мстители: Война бесконечности;fantastika,comics
Хитмэн: Агент 47;fantastika,thriller,boeviki,crime
Бегущий в лабиринте: Испытание огнём;fantastika,thriller,boeviki
Аквамен;fantastika,adventures,boeviki,comics
Покемон. Детектив Пикачу;fantastika,adventures,dlya_vsej_semi,fentezi,detective
Иные;fantastika
Я, робот;fantastika,detective,crime
Логан;fantastika,drama,thriller,boeviki,comics
Вне/себя;fantastika
Человек-Паук: Возвращение домой;fantastika,adventures,boeviki,comics
План побега;fantastika,detective,crime
Комната желаний;fantastika,drama,thriller,foreign,misticheskie
Призрак;fantastika,dlya_vsej_semi,rossijskie
Люди Икс: Апокалипсис;fantastika,adventures,boeviki,comics
Планета обезьян: Война;fantastika
Дивергент;fantastika,detective
Люди Икс: Темный Феникс;fantastika,comics
Послезавтра;fantastika,disaster
День независимости;fantastika,adventures,boeviki,disaster
Люди в черном;fantastika,detective
Нимфоманка: Часть 1 (на английском языке с русскими субтитрами);drama,foreign
Красный воробей;drama,thriller,detective
Темное наследие;drama,thriller,detective,foreign
Темные воды;drama,thriller,biography
Т-34;drama,adventures,voennye,rossijskie
Царство красоты;drama
Джокер;drama,thriller,foreign,comics,crime
Дело Коллини;drama,thriller,crime
Между нами горы;drama,melodramy,thriller,adventures,boeviki,foreign
Так близко к горизонту;drama,melodramy
Хозяин морей: На краю Земли;drama,adventures,voennye,boeviki,istoricheskie
Одаренная;drama
Братство;drama,voennye,boeviki,rossijskie,istoricheskie
Убийство в Восточном экспрессе;drama,detective,foreign,crime
Лед 2;drama,melodramy,rossijskie,sport,music
После;drama,melodramy
Экстрасенсы;drama,thriller,detective,crime
Откровения;drama
Ржев;drama,voennye,rossijskie,istoricheskie
Таксист;drama,thriller,boeviki,foreign,crime
Любовь и голуби;melodramy,sovetskoe_kino
Титаник;melodramy,disaster,documentary
Пятьдесят оттенков серого;melodramy
Шесть дней, семь ночей;melodramy,adventures,boeviki
Золушка;melodramy,dlya_vsej_semi,fentezi
Sex Doll;melodramy
Одержимость;melodramy,detective
Рассказы Русалочки;melodramy,adventures,dlya_vsej_semi,fentezi
Сумерки;melodramy,fentezi
Малефисента;melodramy,adventures,dlya_vsej_semi,fentezi
27 свадеб;melodramy
Семь ужинов;melodramy,rossijskie
Сумерки. Сага. Рассвет: Часть 2;melodramy,fentezi
[4k] Голая правда;melodramy
Три метра над уровнем неба;melodramy
Москва слезам не верит;melodramy,sovetskoe_kino
Свадебный угар;melodramy
Куриоса;melodramy,istoricheskie,foreign
Аладдин;melodramy,adventures,dlya_vsej_semi,fentezi,detskiy
Крымский мост. Сделано с любовью!;melodramy,dlya_vsej_semi,rossijskie
Любовь;melodramy
Красивый, плохой, злой;thriller,crime,biography
Туннель: Опасно для жизни;thriller,foreign,disaster
Профессионал;thriller,crime
Легенда;thriller,crime
Хакер;thriller,crime
Невидимый гость;thriller,detective,crime
Ловушка;thriller
Всегда верен;thriller,boeviki,crime
Хитмэн;thriller,boeviki,crime
Простая просьба;thriller,detective
Выжившая;thriller,boeviki
Малефисента: Владычица тьмы;adventures,dlya_vsej_semi,fentezi,foreign
Один дома 2: Затерянный в Нью-Йорке;adventures
Гарри Поттер и Тайная комната;adventures,dlya_vsej_semi,fentezi
Гарри Поттер и узник Азкабана;adventures,dlya_vsej_semi,fentezi
Робин Гуд: Начало;adventures,boeviki,istoricheskie
Гарри Поттер и философский камень;adventures,dlya_vsej_semi,fentezi,foreign
Снайпер;voennye,biography
Храброе сердце;voennye,istoricheskie,biography
Перл-Харбор;voennye,istoricheskie
Небо измеряется милями;voennye,istoricheskie,biography
Мидуэй;voennye,boeviki,istoricheskie,foreign
Единичка;voennye
Дорогой Джон;voennye
Решение о ликвидации;voennye
Калашников;voennye,rossijskie,istoricheskie,biography
Отстреливая собак;voennye,istoricheskie
28 панфиловцев;voennye
Игра в имитацию;voennye,biography
Собибор;voennye
Спасти Ленинград;voennye,disaster
Толкин;voennye,biography
Бесславные ублюдки;voennye
Тень врага;voennye,istoricheskie
По соображениям совести;voennye,istoricheskie,biography
Т-34. Полная версия;voennye,rossijskie
Спасти рядового Райана;voennye
Александр;voennye,istoricheskie,biography
Кавалерия;voennye,istoricheskie
Солдатик;voennye,rossijskie
Царство небесное;voennye,istoricheskie
Балканский рубеж;voennye,rossijskie
Битва за Севастополь;voennye,istoricheskie,biography
Гарри Поттер и Дары Смерти: Часть I;dlya_vsej_semi,fentezi
Няньки;dlya_vsej_semi
Гарри Поттер и Орден Феникса;dlya_vsej_semi,fentezi
Патрик;dlya_vsej_semi
Перси Джексон и похититель молний;dlya_vsej_semi,fentezi
Гарри Поттер и Принц-полукровка;dlya_vsej_semi,fentezi
Яна+Янко;dlya_vsej_semi,rossijskie
Красавица и чудовище;dlya_vsej_semi,fentezi
Дельфин Берни;dlya_vsej_semi,detskiy
Приключения Реми;dlya_vsej_semi,detskiy
Гарри Поттер и Кубок огня;dlya_vsej_semi,fentezi
Океаны;dlya_vsej_semi,documentary
Дом странных детей Мисс Перегрин;fentezi
Пробуждающая совесть;fentezi
Сумерки. Сага. Рассвет: Часть 1;fentezi
Сумерки. Сага. Новолуние;fentezi
Ночь в музее;fentezi
Люди Икс: Начало. Росомаха;fentezi
Пока есть время;fentezi
Гарри Поттер и Дары Смерти: Часть II;fentezi
Ужасный Генри;detskiy
Восточный ветер 2;detskiy
Приключения Паддингтона;detskiy
Хроники Нарнии: Покоритель Зари;detskiy
Младенец на прогулке, или Ползком от гангстеров;detskiy
Доктор Дулиттл 2;detskiy
Хроники Нарнии: Лев, колдунья и волшебный шкаф;detskiy
Страна хороших деточек;detskiy
Прогулки с динозаврами 3D;detskiy
Восточный ветер;detskiy
Уроки выживания;detskiy
Приключения Паддингтона 2;detskiy
Книга джунглей;detskiy
Питомец Юрского периода;detskiy
Маленькая мисс Дулиттл;detskiy
Дамбо;detskiy
Один дома 3;detskiy
Ура! Каникулы!;detskiy
Робосапиен: Перезагрузка;detskiy
Приключения Электроника;detskiy,sovetskoe_kino
Восточный ветер 3: Наследие Оры;detskiy
Тигриный хвост;detskiy
Один дома 4;detskiy
Восточный ветер 4: Легенда о Воине;detskiy
Пингвины мистера Поппера;detskiy
Спутник;rossijskie
Дорогой папа;rossijskie
Тренер;rossijskie,sport
Ночная смена;rossijskie
Подарок с характером;rossijskie
Движение вверх;rossijskie,istoricheskie,sport
Миллиард;rossijskie
Робо;rossijskie
Всё или ничего;rossijskie
Решала. Нулевые;rossijskie,crime
Я худею;rossijskie
Бабушка легкого поведения;rossijskie
Марафон желаний;rossijskie
Один вдох;rossijskie,sport
Апокалипсис;istoricheskie
Лекарь: Ученик Авиценны;istoricheskie
Шпионский мост;istoricheskie
Курск;istoricheskie
Офицер и шпион;istoricheskie
Колетт;istoricheskie,biography
Маршалл;istoricheskie,biography
Фаворитка;istoricheskie,biography
Тобол;istoricheskie
В центре внимания;istoricheskie,crime
Исход: Цари и боги;istoricheskie
МЫ. Верим в любовь;istoricheskie
Преступник;detective
Подарок;detective
Игра Ганнибала;detective
Липучка;detective
Дивергент, глава 3: За стеной;detective
Скрюченный домишко;detective
Тайна в их глазах;detective
Макс Пэйн;detective,crime
Шутки в сторону 2: Миссия в Майами;detective,crime
Исчезнувшая;detective
Области тьмы;detective
Служебный роман;sovetskoe_kino
Приключения Буратино;sovetskoe_kino
Ирония судьбы, или С легким паром!;sovetskoe_kino
Вокзал для двоих;sovetskoe_kino
12 стульев (1971);sovetskoe_kino
Жаворонок;sovetskoe_kino
Бриллиантовая рука;sovetskoe_kino
Карнавал;sovetskoe_kino
Старик Хоттабыч;sovetskoe_kino
Девчата;sovetskoe_kino
Гостья из будущего;sovetskoe_kino
Операция «Ы» и другие приключения Шурика;sovetskoe_kino
Место встречи изменить нельзя;sovetskoe_kino
Иван Васильевич меняет профессию;sovetskoe_kino
Белые росы;sovetskoe_kino
Весна на Заречной улице (цветная версия);sovetskoe_kino
Афоня;sovetskoe_kino
Офицеры (цветная версия);sovetskoe_kino
Приходите завтра (цветная версия);sovetskoe_kino
Золушка (цветная версия);sovetskoe_kino,music
Самая обаятельная и привлекательная;sovetskoe_kino
Три плюс два;sovetskoe_kino
В бой идут одни «старики» (цветная версия);sovetskoe_kino
Джентльмены удачи;sovetskoe_kino
Не может быть!;sovetskoe_kino
Кавказская пленница, или Новые приключения Шурика;sovetskoe_kino,music
Собачье сердце;sovetskoe_kino
Тор: Рагнарёк;comics
Люди Икс;comics
Стражи Галактики;comics
Стражи Галактики. Часть 2;comics
Мстители: Эра Альтрона;comics
Росомаха: Бессмертный;comics
Лига выдающихся джентльменов;comics
Люди Икс: Первый класс;comics
Фантастическая четверка: Вторжение Серебряного серфера;comics
Люди Икс: Последняя битва;comics
Мстители;comics
Человек-Паук;comics
Люди Икс 2;comics
Капитан Марвел;comics
Черепашки-ниндзя;comics
Люди Икс: Дни минувшего будущего;comics
Дело храбрых;disaster
Помпеи;disaster
Ограбление в ураган;disaster
Разлом;disaster
Ледяная дрожь;disaster
Глубоководный горизонт;disaster
2012: Цунами;disaster
Отрыв;disaster
Волна;disaster
Ледяной шторм;disaster
Экипаж;disaster
День независимости: Возрождение;disaster
И грянул шторм;disaster
Постапокалипсис;disaster
[4K] 2012;disaster
Ливень;disaster
Ледяной апокалипсис;disaster
Знамение Судного дня;disaster
Неуправляемый;disaster
Апокалипсис Стоунхенджа;disaster,misticheskie
2012;disaster
Вулкан;disaster
День, когда Земля остановилась;disaster
Земля: Один потрясающий день;documentary
Лев Яшин – №1;documentary
ЮАР. Дикая саванна;documentary
Корсика. Остров красоты;documentary
[4k] Стратегия выживания;documentary
Медведи Камчатки. Начало жизни;documentary
2040: Будущее ждёт;documentary
Война снайпера;documentary
Жизнь;documentary
Рожденные в Китае;documentary
Кронштадт 1921;documentary
На пьедестале народной любви;documentary
Пабло Эскобар. Нарко-Атлетико;documentary
Нюрнберг. Казнь;documentary
Древние цивилизации;documentary
Числа;documentary
Бронекатер;documentary
Малыши в дикой природе;documentary
Призраки бездны: Титаник;documentary
Барса: Больше, чем клуб;documentary
Ведьмы;documentary,arthouse
Дело Декабристов;documentary
Однажды... Тарантино;documentary
Расцвет видеоблогинга;documentary
Модные 90-е;documentary
Природа 3D;documentary
Коронавирус. Все, что нужно знать;documentary
Marvel Studios: Создание Вселенной;documentary
О теле и душе;arthouse
Странник;arthouse
Коко-ди Коко-да;arthouse
Гупешка;arthouse
Керосин;arthouse
Асса;arthouse
Сталкер;arthouse
Язычники;arthouse
Анатомия измены;arthouse
Овсянки;arthouse
Евгений Гришковец: Предисловие;arthouse
Ведьмы из Сугаррамурди;arthouse
Тельма;arthouse,misticheskie
Ученик;arthouse
Волчок;arthouse
Зеркало;arthouse
Американец;arthouse
Географ глобус пропил;arthouse
Три лица;arthouse
Изображая жертву;arthouse
Осколки;arthouse
Богиня: Как я полюбила;arthouse
Жизнь Раз;arthouse
Енном;arthouse
Солярис;arthouse
Обыкновенный фашизм;arthouse
Глубокие реки (на кабардино-черкесском языке с русскими субтитрами);arthouse
Андрей Рублев;arthouse
Разомкнутые объятия;arthouse
Омен: Перерождение;misticheskie
Предчувствие;misticheskie
Гидра: Затерянный остров;misticheskie
Шелуха;misticheskie
Знакомьтесь, Джо Блэк;misticheskie
Время ведьм;misticheskie
Небесный суд;misticheskie
Крик зверя (Время зверя);misticheskie
Искатели могил 2;misticheskie
Призрак любви;misticheskie
Мытарь;misticheskie
Сердце ангела;misticheskie
Гость;misticheskie
Мара. Пожиратель снов;misticheskie
Сага о чудовище. Сумерки;misticheskie
На карте не значится;misticheskie
Оно;misticheskie
Воины света;misticheskie
Пикник у Висячей скалы;misticheskie
Морские котики против демонов;misticheskie
Ведьма;misticheskie
Неизвестная ненависть;misticheskie
Проклятый лес;misticheskie
За деревьями;misticheskie
Гоголь. Вий;misticheskie
Упырь;misticheskie
Али, рули!;crime
Сделано в Америке;crime,biography
Старые счеты;crime
Взрослые игры;crime
Крипто;crime
Покорители волн;sport
Легенда №17;sport,biography
Лев Яшин. Вратарь моей мечты;sport,biography
Боец;sport
Дикая Лига;sport
Волны;sport
Левша;sport
Эдди «Орел»;sport
Королева из Катве;sport
Вне игры;sport
Ford против Ferrari;sport
Пеле: Рождение легенды;sport
Лед;sport,music
Зубная фея;sport
Игра по чужим правилам;sport
Воин;sport
Крид: Наследие Рокки;sport
Малышка на миллион;sport
План игры;sport
Счастливчик Гилмор;sport
Выкрутасы;sport
Человек, который изменил всё;sport
Крид 2;sport
Тоня против всех;sport,biography
Чемпионы: Быстрее. Выше. Сильнее;sport
Выживший;biography,western
Дикая;biography
Эскобар;biography
Афера под прикрытием;biography
Зеленая книга;biography
Проповедник с пулеметом;biography
Богемская рапсодия;biography,music
Клуб миллиардеров;biography
Скандал;biography
Большая игра;biography
Джейн берет ружье;western
Золото;western
Нейтральная зона;western
Недруги;western
Омерзительная восьмерка;western
Пять тысяч;western
[4K] Недруги;western
Вторая жизнь;western
Хороший, плохой, злой;western
Поезд на Юму;western
Строго на запад;western
Любой ценой;western
Бандитки;western
Братья Систерс;western
Костяной томагавк;western
Тумстоун: Легенда дикого запада;western
Одинокий рейнджер;western
Легенды осени;western
Подлинная история банды Келли;western
Малыш Кид;western
Скальпы;western
На том стоим;western
Путь воина;western
Преисподняя;western
Джанго освобожденный;western
Темная долина;western
Великолепная семерка;western
Вокруг света за 80 дней;western
Шаг вперед;music
Шаг вперед 2: Улицы;music
Переступить черту;music
Примадонна;music
Статус: Обновлен;music
Небесный тихоход (цветная версия);music
Голос;music
Наследники 2;music
Грязные танцы;music
Бар «Гадкий койот»;music
Навсегда моя девушка;music
Шаг вперед: Все или ничего;music
Римские приключения;music
Звезда родилась;music
Д'Артаньян и три мушкетера;music
Малыш на драйве;music
Телохранитель;music
Феникс;music
Спасти мистера Бэнкса;music
Чумовая пятница;music
Там, на неведомых дорожках;music
Ла-Ла Ленд;music
Лето;music
Самый лучший день;music
Давай займемся сексом;erotika
Взрослые и молоденькие девушки;erotika
Госпиталь;erotika
Запрещенный секс;erotika
Школа развратных девушек;erotika
Шкатулка Пандоры 2;erotika
Вспышка страсти;erotika
Точка притяжения;erotika
Секс и страсть 5;erotika
Близкие связи;erotika
Сексуальные утехи с моей женой;erotika
Семейные утехи 2;erotika
Завершение рабочего дня групповым сексом;erotika
История Валентины;erotika
Мачехи соблазняют подростков;erotika
Секс на работе;erotika
Ночь в музее Эротики;erotika
Горячие молоденькие шалуньи;erotika
Любвеобильный папочка;erotika
Секс-уловка;erotika
Внутри меня;erotika
Сексуальный экстаз;erotika
Секретарша директора;erotika
Тайные желания мамочек;erotika
Дружные семейные интимные связи 5;erotika
О, женщины!;erotika
Тайна;erotika
Согрей меня;erotika
Азартный папочка обожает грудь 2;erotika
Эротика ранчо;erotika